{
  "args0": [
    {
      "type": "input_value",
      "name": "identifier",
      "check": "String"
    },
    {
      "type": "input_value",
      "name": "index",
      "check": "Number"
    },
    {
      "type": "input_value",
      "name": "entity",
      "check": "Entity"
    }
  ],
  "inputsInline": true,
  "output": "MCItem",
  "colour": 350,
  "mcreator": {
    "toolbox_id": "curios",
    "toolbox_init": [
      "<value name=\"identifier\"><block type=\"text\"><field name=\"TEXT\">identifier</field></block></value>",
      "<value name=\"index\"><block type=\"math_number\"><field name=\"NUM\">0</field></block></value>",
      "<value name=\"entity\"><block type=\"entity_from_deps\"></block></value>"
    ],
    "inputs": [
      "identifier","index","entity"
    ],
    "required_apis":[
      "curios"
    ],
    "dependencies": [
      {
        "name": "entity",
        "type": "entity"
      }
    ]
  }
}
