{
  "dependencies_provided": [
    {
      "name": "entity",
      "type": "entity"
    },
    {
      "name": "sourceentity",
      "type": "entity"
    },
    {
      "name": "DroppedExperience",
      "type": "number"
    },
    {
      "name": "OriginalExperience",
      "type": "number"
    },
    {
      "name": "world",
      "type": "world"
    },
    {
      "name": "x",
      "type": "number"
    },
    {
      "name": "y",
      "type": "number"
    },
    {
      "name": "z",
      "type": "number"
    }
  ]
}
