{
  "dependencies_provided": [
    {
      "name": "entity",
      "type": "entity"
    },
    {
      "name": "damage",
      "type": "number"
    },
    {
      "name": "world",
      "type": "world"
    },
    {
      "name": "x",
      "type": "number"
    },
    {
      "name": "y",
      "type": "number"
    },
    {
      "name": "z",
      "type": "number"
    },
    {
      "name": "targetX",
      "type": "number"
    },
    {
      "name": "targetY",
      "type": "number"
    },
    {
      "name": "targetZ",
      "type": "number"
    }
  ]
}
