{
  "args0": [
    {
      "type": "field_input",
      "name": "eventname",
      "text": "",
      "check": "String"
    },
    {
      "type": "field_input",
      "name": "dependency",
      "text": "",
      "check": "String"
    },
    {
      "type": "input_value",
      "name": "amount",
      "check": "Boolean"
    }
  ],
  "inputsInline": true,
  "previousStatement": null,
  "nextStatement": null,
  "colour": "%{BKY_LOGIC_HUE}",
  "mcreator": {
    "toolbox_id": "eventsprocedures",
    "toolbox_init": [
      "<value name=\"amount\"><block type=\"logic_boolean\"><field name=\"BOOL\">FALSE</field></block></value>",
  ],
  "inputs": [
    "amount"
  ],
  "fields": [
    "eventname",
    "dependency"
  ]
  }
}