{
  "dependencies_provided": [
    {
      "name": "entity",
      "type": "entity"
    },
    {
      "name": "world",
      "type": "world"
    },
	{
      "name": "breakChance",
      "type": "number"
    },
	{
      "name": "left",
      "type": "itemstack"
    },
	{
      "name": "right",
      "type": "itemstack"
    },
    {
      "name": "output",
      "type": "itemstack"
    },
    {
      "name": "x",
      "type": "number"
    },
    {
      "name": "y",
      "type": "number"
    },
    {
      "name": "z",
      "type": "number"
    },
    {
      "name": "dimension",
      "type": "dimensiontype"
    }
  ],
  "cancelable": "false",
  "has_result": "true",
  "side": "server"
}