{
  "dependencies_provided": [
    {
      "name": "entity",
      "type": "entity"
    },
    {
      "name": "world",
      "type": "world"
    },
    {
      "name": "x",
      "type": "number"
    },
    {
      "name": "y",
      "type": "number"
    },
    {
      "name": "z",
      "type": "number"
    },
    {
      "name": "dimension",
      "type": "dimensiontype"
    },
    {
      "name": "hasAmmo",
      "type": "logic"
    },
    {
      "name": "bowItem",
      "type": "itemstack"
    },
    {
      "name": "charge",
      "type": "number"
    }
  ],
  "cancelable": "true",
  "has_result": "true"
}
