{
  "dependencies_provided": [
    {
      "name": "world",
      "type": "world"
    },
    {
      "name": "x",
      "type": "number"
    },
    {
      "name": "y",
      "type": "number"
    },
    {
      "name": "z",
      "type": "number"
    },
    {
      "name": "dimension",
      "type": "dimensiontype"
    },
    {
      "name": "power",
      "type": "number"
    },
    {
      "name": "item",
      "type": "itemstack"
    },
    {
      "name": "enchantRow",
      "type": "number"
    },
    {
      "name": "level",
      "type": "number"
    }
  ],
  "cancelable": "false",
  "has_result": "true",
  "side": "server"
}