{
  "dependencies_provided": [
    {
      "name": "entity",
      "type": "entity"
    },
    {
      "name": "world",
      "type": "world"
    },
    {
      "name": "x",
      "type": "number"
    },
    {
      "name": "y",
      "type": "number"
    },
    {
      "name": "z",
      "type": "number"
    },
    {
      "name": "dimension",
      "type": "dimensiontype"
    },
    {
      "name": "speed",
      "type": "number"
    },
    {
      "name": "blockstate",
      "type": "MCItemBlock"
    }
  ],
  "cancelable": "true",
  "has_result": "false",
  "side": "server"
}
