{
  "dependencies_provided": [
    {
      "name": "entity",
      "type": "entity"
    },
	{
	  "name": "sourceentity",
	  "type": "entity"
	},
    {
      "name": "world",
      "type": "world"
    },
	{
      "name": "wasDeath",
      "type": "logic"
    },
    {
      "name": "x",
      "type": "number"
    },
    {
      "name": "y",
      "type": "number"
    },
    {
      "name": "z",
      "type": "number"
    },
    {
      "name": "dimension",
      "type": "dimensiontype"
    }
  ],
  "side": "server",
  "cancelable": "true",
  "has_result": "false"
}
