{
  "dependencies_provided": [
    {
      "name": "world",
      "type": "world"
    },
    {
      "name": "x",
      "type": "number"
    },
    {
      "name": "y",
      "type": "number"
    },
    {
      "name": "z",
      "type": "number"
    },
    {
      "name": "dimension",
      "type": "dimensiontype"
    },
    {
      "name": "xSleep",
      "type": "number"
    },
    {
      "name": "ySleep",
      "type": "number"
    },
    {
      "name": "zSleep",
      "type": "number"
    },
  ],
  "cancelable": "false",
  "has_result": "true",
  "side": "server"
}